R&D Spend,Administration,Marketing Spend
155591,492141,119811
108792,157059,174095
178953,429989,159045
131551,172409,77392
166803,268969,108623
184654,140982,173041
299041,401279,121005
140397,293307,121663
212727,62666,83545
221958,170151,79474
100769,320536,186183
184478,251664,159474
109692,421369,150623
230523,208338,155616
294776,465192,165742
219879,186330,75530
137065,492296,163384
199299,159556,112107
275203,184633,136199
222537,425396,93664
